<?xml version="1.0" encoding="UTF-8"?>
<beans xmlns="http://www.springframework.org/schema/beans"
	xmlns:xsi="http://www.w3.org/2001/XMLSchema-instance"
	xsi:schemaLocation="http://www.springframework.org/schema/beans https://www.springframework.org/schema/beans/spring-beans.xsd">
	
	<!-- Root Context: defines shared resources visible to all other web components -->
		<!-- 여기서 DB연결함 -->
		<!-- DataSource 등록 -->
		<bean class="org.apache.commons.dbcp.BasicDataSource" id='dataSource' destroy-method="close">
		<!-- destroy-method : 해당 객체가 끝났을때 사용할 소멸 메소드 명시 -->
			<property name="driverClassName" value='oracle.jdbc.driver.OracleDriver'/>
			<property name="url" value='jdbc:oracle:thin:@localhost:1521:xe'/>
			<property name="username" value="HEALINGZOO"/>
			<property name="password" value="HEALINGZOO"/>
		</bean>
			
		<!-- SqpSession 등록 -->
		<bean id='sqlSession' class='org.mybatis.spring.SqlSessionFactoryBean'>
			<property name="configLocation" value='classpath:mybatis-config.xml'/>
			<!-- classpath : 큰 리소시스 -->
			<property name="dataSource" ref='dataSource'/>
		</bean>
		
		<bean id='sqlSessionTemplate' class='org.mybatis.spring.SqlSessionTemplate'>
			<constructor-arg ref='sqlSession'/>
		</bean>
		
		<!-- 트랜잭션 처리 -->
		<bean id='transactionManager' class='org.springframework.jdbc.datasource.DataSourceTransactionManager'>
			<property name="dataSource" ref='dataSource'/>
		</bean>
		
		<!-- 파일 업로드 -->
		<bean id="multipartResolver" class="org.springframework.web.multipart.commons.CommonsMultipartResolver">
			<property name="maxUploadSize" value="100000000"/>
			<property name="maxInMemorySize" value="100000000"/>
		</bean>
</beans>
