<?xml version="1.0" encoding="UTF-8"?>
<!DOCTYPE mapper PUBLIC "-//mybatis.org//DTD Mapper 3.0//EN" "http://mybatis.org/dtd/mybatis-3-mapper.dtd" >
<mapper namespace='boardMapper'>

	<!-- FAQ 리스트 조회 -->
	<select id='selectFAQ' resultMap='FAQBoard'>
		select * 
		from FAQ
	</select>
	
	<resultMap id="FAQBoard" type='Board'>
		<id column="FAQ_NO" property="boardNo"/>
		<result column="FAQ_TITLE" property="boardTitle"/>
		<result column="FAQ_REPLY" property="boardContent"/>
		<result column="UPDATE_DATE" property="boardModifyDate"/>
	</resultMap>
	
	<select id='getListCount' resultType='_int'>
		select count(*)
		from board
		where board_active = 'Y' and cate_no = #{i}
	</select>
	
	<!-- 문의/예약 게시글 리스트 조회 -->
	<select id="selectAllQueBookList" resultMap='quBoBoard'>
		select *
		from in_bo_board_view
		where board_active = 'Y' and cate_no = #{i}
		order by board_no desc
	</select>
	
	<resultMap type="Board" id="quBoBoard">
		<result column="WRITER_NO" property="boardWriterNo"/>
		<result column="WRITER_NAME" property="boardWriterName"/>
		<result column="MODIFY_DATE" property="boardModifyDate"/>
		<result column="CREATE_DATE" property="boardCreateDate"/>
		<result column="IN_BO_STATUS" property="quBoBoardStatus"/>
	</resultMap>
	
    
    
</mapper>
